Workbook
Name Slicer_اسم_العميل: #N/A
Name Slicer_المنطقة: #N/A

Sheet الرئيسي
E2: بيانات العملاء
E4: اسم العميل | F4: البيان | G4: القيمه | H4: الضريبه | I4: الصافي | J4: المنطقة | K4: التاريخ | L4: المندوب | O4: اسم العميل | P4: صافي المبيعات | Q4: المنطقة | R4: نوع العميل | S4: نسبة المبيعات
E5: هشام فتحى | F5: فاتوره | G5: 10000 | H5: =الرئيسى[[#This Row],[القيمه]]*0.14 -> 1400 | I5: =الرئيسى[[#This Row],[القيمه]]-الرئيسى[[#This Row],[الضريبه]] -> 8600 | J5: الجيزه | K5: 44210 | L5: محمد | O5: هشام فتحى | P5: =SUMIFS(الرئيسى[[الصافي ]],الرئيسى[[اسم العميل ]],O5,الرئيسى[البيان],"فاتوره")+SUMIFS(الرئيسى[[الصافي ]],الرئيسى[[اسم العميل ]],O5,الرئيسى[البيان],"مرتجع")+SUMIFS(الرئيسى[[الصافي ]],الرئيسى[[اسم العميل ]],O5,الرئيسى[البيان],"خصم") -> 6880 | Q5: =VLOOKUP(مختصر[[#This Row],[اسم العميل]],'قاعدة البيانات'!D9:$E$18,2,FALSE) -> الجيزه | R5: =IF(مختصر[[#This Row],[صافي المبيعات]]>20000,"عميل مهم",IF(P5>7000,"عميل قوى","عميل عادى")) -> عميل عادى | S5: =مختصر[[#This Row],[صافي المبيعات]]/SUM(مختصر[صافي المبيعات]) -> 0.069264069
E6: مصطفي يسرى | F6: فاتوره | G6: 7000 | H6: =الرئيسى[[#This Row],[القيمه]]*0.14 -> 980 | I6: =الرئيسى[[#This Row],[القيمه]]-الرئيسى[[#This Row],[الضريبه]] -> 6020 | J6: البحيره | K6: 44241 | L6: مصطفى | O6: مصطفي يسرى | P6: =SUMIFS(الرئيسى[[الصافي ]],الرئيسى[[اسم العميل ]],O6,الرئيسى[البيان],"فاتوره")+SUMIFS(الرئيسى[[الصافي ]],الرئيسى[[اسم العميل ]],O6,الرئيسى[البيان],"مرتجع")+SUMIFS(الرئيسى[[الصافي ]],الرئيسى[[اسم العميل ]],O6,الرئيسى[البيان],"خصم") -> 5590 | Q6: =VLOOKUP(مختصر[[#This Row],[اسم العميل]],'قاعدة البيانات'!D10:$E$18,2,FALSE) -> البحيره | R6: =IF(مختصر[[#This Row],[صافي المبيعات]]>20000,"عميل مهم",IF(P6>7000,"عميل قوى","عميل عادى")) -> عميل عادى | S6: =مختصر[[#This Row],[صافي المبيعات]]/SUM(مختصر[صافي المبيعات]) -> 0.056277056
E7: ايمن صادق | F7: فاتوره | G7: 5000 | H7: =الرئيسى[[#This Row],[القيمه]]*0.14 -> 700 | I7: =الرئيسى[[#This Row],[القيمه]]-الرئيسى[[#This Row],[الضريبه]] -> 4300 | J7: المنصورة | K7: 44269 | L7: نور | O7: ايمن صادق | P7: =SUMIFS(الرئيسى[[الصافي ]],الرئيسى[[اسم العميل ]],O7,الرئيسى[البيان],"فاتوره")+SUMIFS(الرئيسى[[الصافي ]],الرئيسى[[اسم العميل ]],O7,الرئيسى[البيان],"مرتجع")+SUMIFS(الرئيسى[[الصافي ]],الرئيسى[[اسم العميل ]],O7,الرئيسى[البيان],"خصم") -> 9460 | Q7: =VLOOKUP(مختصر[[#This Row],[اسم العميل]],'قاعدة البيانات'!D11:$E$18,2,FALSE) -> المنصورة | R7: =IF(مختصر[[#This Row],[صافي المبيعات]]>20000,"عميل مهم",IF(P7>7000,"عميل قوى","عميل عادى")) -> عميل قوى | S7: =مختصر[[#This Row],[صافي المبيعات]]/SUM(مختصر[صافي المبيعات]) -> 0.095238095
E8: احمد ممدوح | F8: فاتوره | G8: 15000 | H8: =الرئيسى[[#This Row],[القيمه]]*0.14 -> 2100 | I8: =الرئيسى[[#This Row],[القيمه]]-الرئيسى[[#This Row],[الضريبه]] -> 12900 | J8: القاهرة | K8: 44300 | L8: سيد | O8: احمد ممدوح | P8: =SUMIFS(الرئيسى[[الصافي ]],الرئيسى[[اسم العميل ]],O8,الرئيسى[البيان],"فاتوره")+SUMIFS(الرئيسى[[الصافي ]],الرئيسى[[اسم العميل ]],O8,الرئيسى[البيان],"مرتجع")+SUMIFS(الرئيسى[[الصافي ]],الرئيسى[[اسم العميل ]],O8,الرئيسى[البيان],"خصم") -> 12040 | Q8: =VLOOKUP(مختصر[[#This Row],[اسم العميل]],'قاعدة البيانات'!D12:$E$18,2,FALSE) -> القاهرة | R8: =IF(مختصر[[#This Row],[صافي المبيعات]]>20000,"عميل مهم",IF(P8>7000,"عميل قوى","عميل عادى")) -> عميل قوى | S8: =مختصر[[#This Row],[صافي المبيعات]]/SUM(مختصر[صافي المبيعات]) -> 0.12121212
E9: مريم محمود | F9: فاتوره | G9: 20000 | H9: =الرئيسى[[#This Row],[القيمه]]*0.14 -> 2800 | I9: =الرئيسى[[#This Row],[القيمه]]-الرئيسى[[#This Row],[الضريبه]] -> 17200 | J9: اسوان | K9: 44330 | L9: محمد | O9: مريم محمود | P9: =SUMIFS(الرئيسى[[الصافي ]],الرئيسى[[اسم العميل ]],O9,الرئيسى[البيان],"فاتوره")+SUMIFS(الرئيسى[[الصافي ]],الرئيسى[[اسم العميل ]],O9,الرئيسى[البيان],"مرتجع")+SUMIFS(الرئيسى[[الصافي ]],الرئيسى[[اسم العميل ]],O9,الرئيسى[البيان],"خصم") -> 24080 | Q9: =VLOOKUP(مختصر[[#This Row],[اسم العميل]],'قاعدة البيانات'!D13:$E$18,2,FALSE) -> اسوان | R9: =IF(مختصر[[#This Row],[صافي المبيعات]]>20000,"عميل مهم",IF(P9>7000,"عميل قوى","عميل عادى")) -> عميل مهم | S9: =مختصر[[#This Row],[صافي المبيعات]]/SUM(مختصر[صافي المبيعات]) -> 0.24242424
E10: سيد عفيفي | F10: فاتوره | G10: 16000 | H10: =الرئيسى[[#This Row],[القيمه]]*0.14 -> 2240 | I10: =الرئيسى[[#This Row],[القيمه]]-الرئيسى[[#This Row],[الضريبه]] -> 13760 | J10: المنيا | K10: 44361 | L10: مصطفى | O10: سيد عفيفي | P10: =SUMIFS(الرئيسى[[الصافي ]],الرئيسى[[اسم العميل ]],O10,الرئيسى[البيان],"فاتوره")+SUMIFS(الرئيسى[[الصافي ]],الرئيسى[[اسم العميل ]],O10,الرئيسى[البيان],"مرتجع")+SUMIFS(الرئيسى[[الصافي ]],الرئيسى[[اسم العميل ]],O10,الرئيسى[البيان],"خصم") -> 13760 | Q10: =VLOOKUP(مختصر[[#This Row],[اسم العميل]],'قاعدة البيانات'!D14:$E$18,2,FALSE) -> المنيا | R10: =IF(مختصر[[#This Row],[صافي المبيعات]]>20000,"عميل مهم",IF(P10>7000,"عميل قوى","عميل عادى")) -> عميل قوى | S10: =مختصر[[#This Row],[صافي المبيعات]]/SUM(مختصر[صافي المبيعات]) -> 0.13852814
E11: اشرف محمود | F11: فاتوره | G11: 4000 | H11: =الرئيسى[[#This Row],[القيمه]]*0.14 -> 560 | I11: =الرئيسى[[#This Row],[القيمه]]-الرئيسى[[#This Row],[الضريبه]] -> 3440 | J11: القاهرة | K11: 44391 | L11: نور | O11: اشرف محمود | P11: =SUMIFS(الرئيسى[[الصافي ]],الرئيسى[[اسم العميل ]],O11,الرئيسى[البيان],"فاتوره")+SUMIFS(الرئيسى[[الصافي ]],الرئيسى[[اسم العميل ]],O11,الرئيسى[البيان],"مرتجع")+SUMIFS(الرئيسى[[الصافي ]],الرئيسى[[اسم العميل ]],O11,الرئيسى[البيان],"خصم") -> 3440 | Q11: =VLOOKUP(مختصر[[#This Row],[اسم العميل]],'قاعدة البيانات'!D15:$E$18,2,FALSE) -> القاهرة | R11: =IF(مختصر[[#This Row],[صافي المبيعات]]>20000,"عميل مهم",IF(P11>7000,"عميل قوى","عميل عادى")) -> عميل عادى | S11: =مختصر[[#This Row],[صافي المبيعات]]/SUM(مختصر[صافي المبيعات]) -> 0.034632035
E12: ايمن صادق | F12: فاتوره | G12: 2000 | H12: =الرئيسى[[#This Row],[القيمه]]*0.14 -> 280 | I12: =الرئيسى[[#This Row],[القيمه]]-الرئيسى[[#This Row],[الضريبه]] -> 1720 | J12: الجيزه | K12: 44422 | L12: سيد | O12: اسعد شريف | P12: =SUMIFS(الرئيسى[[الصافي ]],الرئيسى[[اسم العميل ]],O12,الرئيسى[البيان],"فاتوره")+SUMIFS(الرئيسى[[الصافي ]],الرئيسى[[اسم العميل ]],O12,الرئيسى[البيان],"مرتجع")+SUMIFS(الرئيسى[[الصافي ]],الرئيسى[[اسم العميل ]],O12,الرئيسى[البيان],"خصم") -> 2580 | Q12: =VLOOKUP(مختصر[[#This Row],[اسم العميل]],'قاعدة البيانات'!D16:$E$18,2,FALSE) -> البحيره | R12: =IF(مختصر[[#This Row],[صافي المبيعات]]>20000,"عميل مهم",IF(P12>7000,"عميل قوى","عميل عادى")) -> عميل عادى | S12: =مختصر[[#This Row],[صافي المبيعات]]/SUM(مختصر[صافي المبيعات]) -> 0.025974026
E13: اسعد شريف | F13: فاتوره | G13: 3000 | H13: =الرئيسى[[#This Row],[القيمه]]*0.14 -> 420 | I13: =الرئيسى[[#This Row],[القيمه]]-الرئيسى[[#This Row],[الضريبه]] -> 2580 | J13: البحيره | K13: 44453 | L13: محمد | O13: مرتضي المسيرى | P13: =SUMIFS(الرئيسى[[الصافي ]],الرئيسى[[اسم العميل ]],O13,الرئيسى[البيان],"فاتوره")+SUMIFS(الرئيسى[[الصافي ]],الرئيسى[[اسم العميل ]],O13,الرئيسى[البيان],"مرتجع")+SUMIFS(الرئيسى[[الصافي ]],الرئيسى[[اسم العميل ]],O13,الرئيسى[البيان],"خصم") -> 7740 | Q13: =VLOOKUP(مختصر[[#This Row],[اسم العميل]],'قاعدة البيانات'!D17:$E$18,2,FALSE) -> المنصورة | R13: =IF(مختصر[[#This Row],[صافي المبيعات]]>20000,"عميل مهم",IF(P13>7000,"عميل قوى","عميل عادى")) -> عميل قوى | S13: =مختصر[[#This Row],[صافي المبيعات]]/SUM(مختصر[صافي المبيعات]) -> 0.077922078
E14: مرتضي المسيرى | F14: فاتوره | G14: 9000 | H14: =الرئيسى[[#This Row],[القيمه]]*0.14 -> 1260 | I14: =الرئيسى[[#This Row],[القيمه]]-الرئيسى[[#This Row],[الضريبه]] -> 7740 | J14: المنصورة | K14: 44483 | L14: مصطفى | O14: ساره الشافعى | P14: =SUMIFS(الرئيسى[[الصافي ]],الرئيسى[[اسم العميل ]],O14,الرئيسى[البيان],"فاتوره")+SUMIFS(الرئيسى[[الصافي ]],الرئيسى[[اسم العميل ]],O14,الرئيسى[البيان],"مرتجع")+SUMIFS(الرئيسى[[الصافي ]],الرئيسى[[اسم العميل ]],O14,الرئيسى[البيان],"خصم") -> 13760 | Q14: =VLOOKUP(مختصر[[#This Row],[اسم العميل]],'قاعدة البيانات'!D18:$E$18,2,FALSE) -> الشرقية | R14: =IF(مختصر[[#This Row],[صافي المبيعات]]>20000,"عميل مهم",IF(P14>7000,"عميل قوى","عميل عادى")) -> عميل قوى | S14: =مختصر[[#This Row],[صافي المبيعات]]/SUM(مختصر[صافي المبيعات]) -> 0.13852814
E15: ساره الشافعى | F15: فاتوره | G15: 16000 | H15: =الرئيسى[[#This Row],[القيمه]]*0.14 -> 2240 | I15: =الرئيسى[[#This Row],[القيمه]]-الرئيسى[[#This Row],[الضريبه]] -> 13760 | J15: الشرقيه | K15: 44514 | L15: نور
E16: مريم محمود | F16: فاتوره | G16: 10000 | H16: =الرئيسى[[#This Row],[القيمه]]*0.14 -> 1400 | I16: =الرئيسى[[#This Row],[القيمه]]-الرئيسى[[#This Row],[الضريبه]] -> 8600 | J16: الشرقيه | K16: 44544 | L16: سيد
E17: احمد ممدوح | F17: مرتجع | G17: 1000 | H17: =الرئيسى[[#This Row],[القيمه]]*0.14 -> 140 | I17: =-(الرئيسى[[#This Row],[القيمه]]-الرئيسى[[#This Row],[الضريبه]]) -> -860 | J17: القاهرة | K17: 44362 | L17: سيد
E18: هشام فتحى | F18: خصم | G18: 2000 | H18: =الرئيسى[[#This Row],[القيمه]]*0.14 -> 280 | I18: =-(الرئيسى[[#This Row],[القيمه]]-الرئيسى[[#This Row],[الضريبه]]) -> -1720 | J18: الجيزه | K18: 44363 | L18: محمد
E19: مصطفي يسرى | F19: خصم | G19: 500 | H19: =الرئيسى[[#This Row],[القيمه]]*0.14 -> 70 | I19: =-(الرئيسى[[#This Row],[القيمه]]-الرئيسى[[#This Row],[الضريبه]]) -> -430 | J19: البحيره | K19: 44364 | L19: مصطفى
E20: ايمن صادق | F20: مرتجع | G20: 1000 | H20: =الرئيسى[[#This Row],[القيمه]]*0.14 -> 140 | I20: =-(الرئيسى[[#This Row],[القيمه]]-الرئيسى[[#This Row],[الضريبه]]) -> -860 | J20: المنصورة | K20: 44365 | L20: نور
E21: مريم محمود | F21: مرتجع | G21: 2000 | H21: =الرئيسى[[#This Row],[القيمه]]*0.14 -> 280 | I21: =-(الرئيسى[[#This Row],[القيمه]]-الرئيسى[[#This Row],[الضريبه]]) -> -1720 | J21: اسوان | K21: 44368 | L21: محمد
E22: ايمن صادق | F22: فاتوره | G22: 5000 | H22: =الرئيسى[[#This Row],[القيمه]]*0.14 -> 700 | I22: =الرئيسى[[#This Row],[القيمه]]-الرئيسى[[#This Row],[الضريبه]] -> 4300 | J22: المنصورة | K22: 44362 | L22: نور

Sheet لوحة التحكم
P5: لوحة التحكم

Sheet قاعدة البيانات
D8: اسم العميل | E8: المنطقة
D9: هشام فتحى | E9: الجيزه
D10: مصطفي يسرى | E10: البحيره
D11: ايمن صادق | E11: المنصورة
D12: احمد ممدوح | E12: القاهرة
D13: مريم محمود | E13: اسوان
D14: سيد عفيفي | E14: المنيا
D15: اشرف محمود | E15: القاهرة
D16: اسعد شريف | E16: البحيره
D17: مرتضي المسيرى | E17: المنصورة
D18: ساره الشافعى | E18: الشرقية

Sheet المبيعات بالعملاء
A3: Row Labels | B3: Sum of الصافي
A4: اسعد شريف | B4: 2580
A5: ايمن صادق | B5: 9460
A6: ساره الشافعى | B6: 13760
A7: Grand Total | B7: 25800

Sheet المبيعات بانواع العملاء
A4: Row Labels | B4: Sum of الصافي
A5: عميل عادى | B5: 2580
A6: عميل قوى | B6: 23220
A7: Grand Total | B7: 25800

Sheet المبيعات بالمنطقة
A3: Row Labels | B3: Sum of الصافي
A4: البحيره | B4: 2580
A5: الجيزه | B5: 1720
A6: الشرقيه | B6: 13760
A7: المنصورة | B7: 7740
A8: Grand Total | B8: 25800

Sheet المبيعات بالمندوب 
A4: Row Labels | B4: Sum of الصافي
A5: سيد | B5: 1720
A6: محمد | B6: 2580
A7: نور | B7: 21500
A8: Grand Total | B8: 25800

Sheet تريند المبيعات
A3: Row Labels | B3: Sum of الصافي
A4: Mar | B4: 4300
A5: Jun | B5: 3440
A6: Aug | B6: 1720
A7: Sep | B7: 2580
A8: Nov | B8: 13760
A9: Grand Total | B9: 25800
